Fabricante,Linea_de_producto,Modelo_del_dispositivo
Asus,ROG Phone,ROG Phone
Asus,ROG Phone,ROG Phone II
Asus,ROG Phone,ROG Phone III
Asus,ROG Phone,ROG Phone 5
Asus,ROG Phone,ROG Phone 6 (AI2201)
Asus,ROG Phone,ROG Phone 6D Ultimate (AI2201)
Asus,ROG Phone,ROG Phone 7 (AI2205)
Asus,ROG Phone,ROG Phone 8 series
Asus,Zenfone ,Zenfone 6
Asus,Zenfone ,Zenfone 7/7 Pro
Asus,Zenfone ,Zenfone 8
Asus,Zenfone ,Zenfone 9
Asus,Zenfone ,Zenfone 10 (AI2302)
Asus,Zenfone ,Zenfone AR
Asus,Zenfone ,Zenfone ARES
Balmuda,Balmuda ,Balmuda Phone
Fujitsu,arrows,arrows 5G F-51A
Fujitsu,arrows,arrows NX9 F-52A
FCNT,arrows,arrows BZ03
FCNT,arrows,arrows N F-51C
FCNT,arrows,arrows We A101FC
FCNT,arrows,arrows We F-51B
FCNT,arrows,arrows We FCG01
General Mobile,GM ,GM 9 Plus
Google,Nexus ,Nexus 5X
Google,Nexus ,Nexus 6P
Google,Pixel,Pixel
Google,Pixel,Pixel XL
Google,Pixel,Pixel 2
Google,Pixel,Pixel 2 XL
Google,Pixel,Pixel 3
Google,Pixel,Pixel 3 XL
Google,Pixel,Pixel 3a
Google,Pixel,Pixel 3a XL
Google,Pixel,Pixel 4
Google,Pixel,Pixel 4 XL
Google,Pixel,Pixel 4a
Google,Pixel,Pixel 4a 5G
Google,Pixel,Pixel 5
Google,Pixel,Pixel 5a 5G
Google,Pixel,Pixel 6
Google,Pixel,Pixel 6a
Google,Pixel,Pixel 6 Pro
Google,Pixel,Pixel 7
Google,Pixel,Pixel 7a
Google,Pixel,Pixel 7 Pro
Google,Pixel,Pixel 8
Google,Pixel,Pixel 8 Pro
Google,Pixel,Pixel Fold
Google,Pixel,Pixel Tablet
HMD Global,Nokia ,Nokia 3.4
HMD Global,Nokia ,Nokia 5.4
HMD Global,Nokia ,Nokia 6 (2018)
HMD Global,Nokia ,Nokia 6.1 Plus
HMD Global,Nokia ,Nokia 6.2
HMD Global,Nokia ,Nokia 7 Plus
HMD Global,Nokia ,Nokia 7.1
HMD Global,Nokia ,Nokia 7.2
HMD Global,Nokia ,Nokia 8
HMD Global,Nokia ,Nokia 8 Sirocco
HMD Global,Nokia ,Nokia 8.1
HMD Global,Nokia ,Nokia 8.3 5G
HMD Global,Nokia ,Nokia G50
HMD Global,Nokia ,Nokia X10
HMD Global,Nokia ,Nokia X30 5G
Honeywell,CT30XP,CT30XP
Honeywell,CT40,CT40
Honor,HONOR 70,HONOR 70
Honor,HONOR 90,HONOR 90
Honor,HONOR Magic ,HONOR Magic Vs
Honor,HONOR Magic ,HONOR Magic V2
Honor,HONOR Magic ,HONOR Magic4 Pro
Honor,HONOR Magic ,HONOR Magic5
Honor,HONOR Magic ,HONOR Magic5 Pro
Honor,HONOR Magic ,HONOR Magic6 Lite 5G
HTC,Desire ,Desire 21 Pro 5G
HTC,HTC U23,HTC U23
HTC,HTC U23 ,HTC U23 pro
Huawei,Honor ,Honor 8X
Huawei,Honor ,Honor 10
Huawei,Honor ,Honor View 10 Lite
Huawei,Honor ,Honor V20
Huawei,Mate ,Mate 20 Lite
Huawei,Mate ,Mate 20
Huawei,Mate ,Mate 20 Pro
Huawei,Mate ,Mate 20 X
Huawei,Nova ,Nova 3
Huawei,Nova ,Nova 3i
Huawei,Nova ,Nova 4
Huawei,P,P20
Huawei,P,P20 Pro
Huawei,P,P30
Huawei,P,P30 Pro
Huawei,Porsche ,Porsche Design Mate RS
Huawei,Porsche ,Porsche Design Mate 20 RS
Huawei,Y9 ,Y9 2019
Infinix Mobile,GT ,GT 10 Pro
Infinix Mobile,HOT ,HOT 40 Pro
Infinix Mobile,Note ,Note 6
Infinix Mobile,Note ,Note 7
Infinix Mobile,Note ,Note 10 Pro
Infinix Mobile,Note ,Note 11
Infinix Mobile,Note ,Note 11 Pro
Infinix Mobile,Note ,Note 11S
Infinix Mobile,Note ,Note 12
Infinix Mobile,Note ,NOTE 12 2023
Infinix Mobile,Note ,Note 12 VIP
Infinix Mobile,Note ,Note 30
Infinix Mobile,Note ,Note 30 Pro
Infinix Mobile,Note ,Note 30 5G
Infinix Mobile,Note ,Note 30i
Infinix Mobile,Note ,Note 40
Infinix Mobile,Note ,Note 40 Pro
Infinix Mobile,Zero ,Zero 5G
Infinix Mobile,Zero ,Zero 5G 2023
Infinix Mobile,Zero ,Zero 8
Infinix Mobile,Zero ,Zero 8i
Infinix Mobile,ZERO ,ZERO 20
Infinix Mobile,ZERO ,ZERO 30
Infinix Mobile,ZERO ,ZERO 30 5G
Infinix Mobile,ZERO ,ZERO ULTRA
Infinix Mobile,ZERO ,ZERO X
Infinix Mobile,ZERO ,ZERO X Pro
Infinix Mobile,ZERO ,ZERO X NEO
Itel,itel ,itel S23+
Kyocera,Android ,Android One S9
Kyocera,Torque ,Torque 5G
Kyocera,Torque ,Torque G04
Kyocera,Torque ,Torque G06
Kyocera,Duraforce ,Duraforce PRO 3
Kyocera,Duraforce ,Duraforce Ultra 5G
Kyocera,DuraSport ,DuraSport 5G
Kyocera,Android ,Android One S9
Kyocera,Android ,Android One S10
Kyocera,DIGNO SANGA edition,DIGNO SANGA edition
Lenovo,Lenovo K13 ,Lenovo K13 Note
Lenovo,Lenovo Tab ,Lenovo Tab Extreme
Lenovo,Lenovo Tab ,Lenovo Tab 7
Lenovo,Lenovo Tab ,Lenovo Tab M10 5G
Lenovo,Lenovo Tab ,Lenovo Tab M10 Plus 3rd Gen
Lenovo,Lenovo Tab ,Lenovo Tab M11
Lenovo,Lenovo Tab ,Lenovo Tab P11 2nd Gen
Lenovo,Lenovo Tab ,Lenovo Tab P11 5G
Lenovo,Lenovo Tab ,Lenovo Tab P11 Plus
Lenovo,Lenovo Tab ,Lenovo Tab P11 Pro (2nd Gen)
Lenovo,Lenovo Yoga ,Lenovo Yoga Tab 11
Lenovo,Lenovo Tab ,Lenovo Tab P12
Lenovo,Lenovo Tab ,Lenovo Tab P12 Pro
Lenovo,Lenovo LAVIE ,Lenovo LAVIE Tab 102K1
Lenovo,Lenovo LAVIE ,Lenovo LAVIE Tab T12 12QHD1
Lenovo,Lenovo 启天K10 ,Lenovo 启天K10 Pro
Lenovo,Lenovo 小新Pad ,Lenovo 小新Pad Plus 2023
LitByLeia,Lume P,Lume Pad
LG,G,G6
LG,G,G7 Fit
LG,G,G7 One
LG,G,G7 ThinQ
LG,G,G8 ThinQ
LG,G,G8S ThinQ
LG,G,G8X ThinQ
LG,G,G Pad 5 10.1 FHD
LG,K,K61
LG,K,K71
LG,K,K92
LG,Q,Q6
LG,Q,Q70
LG,Q,Q8
LG,Q,Q92
LG,style,style2
LG,style,style3
LG,Stylo ,Stylo 5
LG,Stylo ,Stylo 6
LG,Stylo ,Stylo 7
LG,V,V30
LG,V,V30+
LG,V,V30+ JOJO
LG,LG Signature,LG Signature Edition 2017
LG,V,V35 ThinQ
LG,LG Signature ,LG Signature Edition 2018
LG,V,V40 ThinQ
LG,V,V50 ThinQ
LG,V,V50S ThinQ
LG,LG Signature,LG Signature Edition 2019
LG,V,V60 ThinQ
LG,V,V60 ThinQ 5G
LG,VELVET ,VELVET 5G
LG,VELVET ,VELVET 2 Pro
LG,WING ,WING 5G
Micromax,IN_Note,IN_Note2
Motorola,moto g,moto g⁵ˢ plus
Motorola,moto g,moto g⁶
Motorola,moto g,moto g⁶ plus
Motorola,moto g,moto g⁷
Motorola,moto g,moto g⁷ play
Motorola,moto g,moto g⁷ plus
Motorola,moto g,moto g⁷ power
Motorola,moto g,moto g⁷ play
Motorola,moto g,moto g⁸
Motorola,moto g,moto g⁸ play
Motorola,moto g,moto g⁸ plus
Motorola,moto g,moto g⁸ power
Motorola,moto g,moto g⁸ power lite
Motorola,moto g,moto g⁹ play
Motorola,moto g,moto g⁹ plus
Motorola,moto g,moto g⁹ power
Motorola,moto g,moto g 5G
Motorola,moto g,moto g 5G (2022)
Motorola,moto g,moto g power
Motorola,moto g,moto g power (2021)
Motorola,moto g,moto g power (2022)
Motorola,moto g,moto g power 5G (2023)
Motorola,moto g,moto g pro
Motorola,moto g,moto g stylus
Motorola,moto g,moto g stylus (2021)
Motorola,moto g,moto g stylus (2022)
Motorola,moto g,moto g stylus (2023)
Motorola,moto g,moto g stylus 5G (2022)
Motorola,moto g,moto g stylus 5G (2023)
Motorola,moto g,moto g stylus 5G
Motorola,moto g,moto g(30)
Motorola,moto g,moto g(40) fusion
Motorola,moto g,moto g(10)
Motorola,moto g,moto g(50)
Motorola,moto g,moto g(50) 5G
Motorola,moto g,moto g(60)
Motorola,moto g,moto g(60)s
Motorola,moto g,moto g(100)
Motorola,moto g,moto g31
Motorola,moto g,moto g32
Motorola,moto g,moto g34 5G
Motorola,moto g,moto g42
Motorola,moto g,moto g51 5G
Motorola,moto g,moto g52
Motorola,moto g,moto g52j 5G
Motorola,moto g,moto g53
Motorola,moto g,moto g53 5G
Motorola,moto g,moto g54 5G
Motorola,moto g,moto g62 5G
Motorola,moto g,moto g71 5G
Motorola,moto g,moto g72
Motorola,moto g,moto g73 5G
Motorola,moto g,moto g82 5G
Motorola,moto g,moto g84 5G
Motorola,moto g,moto g200 5G
Motorola,motorola edge,motorola edge (2021)
Motorola,motorola edge,motorola edge (2022)
Motorola,motorola edge,motorola edge (2023)
Motorola,motorola edge,motorola edge
Motorola,motorola edge,motorola edge s
Motorola,motorola edge,motorola edge plus
Motorola,motorola edge,motorola edge plus (2022)
Motorola,motorola edge,motorola edge 20 pro
Motorola,motorola edge,motorola edge 20
Motorola,motorola edge,motorola edge 20 lite
Motorola,motorola edge,motorola edge 30
Motorola,motorola edge,motorola edge 30 fusion
Motorola,motorola edge,motorola edge 30 neo
Motorola,motorola edge,motorola edge 30 Pro
Motorola,motorola edge,motorola edge 30 ultra
Motorola,motorola edge,motorola edge 40
Motorola,motorola edge,motorola edge 40 neo
Motorola,motorola one,motorola one
Motorola,motorola one,motorola one 5G
Motorola,motorola one,motorola one action
Motorola,motorola one,motorola one fusion
Motorola,motorola one,motorola one fusion+
Motorola,motorola one,motorola one hyper
Motorola,motorola one,motorola one macro
Motorola,motorola one,motorola one power
Motorola,motorola one,motorola one vision
Motorola,motorola one,motorola one zoom
Motorola,motorola Razr,motorola Razr(2020)
Motorola,motorola Razr,motorola Razr(2022)
Motorola,motorola Razr,motorola Razr 40
Motorola,motorola Razr,motorola Razr 40 Ultra
Motorola,moto tab ,moto tab g62
Motorola,moto tab ,moto tab g62 LTE
Motorola,moto x,moto x⁴
Motorola,moto x,moto x40
Motorola,moto z,moto z² force
Motorola,moto z,moto z³
Motorola,moto z,moto z³ play
Motorola,moto z,moto z⁴
Motorola,ThinkPhone ,ThinkPhone by Motorola
Nothing,Nothing Phone,Nothing Phone (2)
OnePlus,OnePlus 3,OnePlus 3T
OnePlus,OnePlus 5,OnePlus 5
OnePlus,OnePlus 5,OnePlus 5T
OnePlus,OnePlus 6,OnePlus 6
OnePlus,OnePlus 6,OnePlus 6T
OnePlus,OnePlus 7,OnePlus 7
OnePlus,OnePlus 7 ,OnePlus 7 Pro
OnePlus,OnePlus 7 ,OnePlus 7 Pro 5G
OnePlus,OnePlus 7,OnePlus 7T
OnePlus,OnePlus 7,OnePlus 7T Pro
OnePlus,OnePlus 8,OnePlus 8
OnePlus,OnePlus 8 ,OnePlus 8 Pro
OnePlus,OnePlus 8,OnePlus 8T
OnePlus,OnePlus 9,OnePlus 9
OnePlus,OnePlus 9,OnePlus 9 Pro
OnePlus,OnePlus 9,OnePlus 9R
OnePlus,OnePlus 9,OnePlus 9RT 5G
OnePlus,OnePlus 10 ,OnePlus 10 Pro
OnePlus,OnePlus 10 ,OnePlus 10 Pro 5G
OnePlus,OnePlus 10 ,OnePlus 10R 5G
OnePlus,OnePlus 10 ,OnePlus 10T 5G
OnePlus,OnePlus 11,OnePlus 11 5G
OnePlus,OnePlus 11,OnePlus 11R 5G
OnePlus,OnePlus 12,OnePlus 12
OnePlus,OnePlus Nord,OnePlus Nord
OnePlus,OnePlus N10,OnePlus N10
OnePlus,OnePlus Nord ,OnePlus Nord 2 5G
OnePlus,OnePlus Nord ,OnePlus Nord 2T 5G
OnePlus,OnePlus Nord ,OnePlus Nord 3 5G
OnePlus,OnePlus Nord ,OnePlus Nord CE
OnePlus,OnePlus Nord ,OnePlus Nord CE 2
OnePlus,OnePlus Nord ,OnePlus Nord CE 2 Lite 5G
OnePlus,OnePlus Nord ,OnePlus Nord CE 3 5G
OnePlus,OnePlus Nord ,OnePlus Nord N20 5G
OnePlus,OnePlus Nord ,OnePlus Nord N200 5G
OnePlus,OnePlus Open,OnePlus Open
OnePlus,OnePlus Pad,OnePlus Pad
Oppo,A,A52
Oppo,A,A72
Oppo,A,A72 5G
Oppo,A,A77 5G
Oppo,A,A78 5G
Oppo,A,A79 5G
Oppo,A,A92
Oppo,A,A92s
Oppo,A,A93 5G
Oppo,A,A94
Oppo,A,A96 5G
Oppo,F,F11 Pro
Oppo,F,F15
Oppo,F,F17 Pro
Oppo,F,F19 Pro+
Oppo,F,F21 Pro 5G
Oppo,F,F21s Pro 5G
Oppo,Find ,Find N2 Flip
Oppo,Find ,Find N3
Oppo,Find ,Find N3 Flip
Oppo,Find ,Find X2
Oppo,Find ,Find X2 Pro
Oppo,Find ,Find X3 Pro
Oppo,Find ,Find X5
Oppo,Find ,Find X5 Pro
Oppo,Find ,Find X6 Pro
Oppo,K,K3
Oppo,K,K5
Oppo,Pad ,Pad 2
Oppo,R,R17 Pro
Oppo,Reno,Reno
Oppo,Reno,Reno2
Oppo,Reno,Reno2 F
Oppo,Reno,Reno2 Z
Oppo,Reno,Reno3
Oppo,Reno,Reno3 5G
Oppo,Reno,Reno3 A
Oppo,Reno,Reno3 Pro
Oppo,Reno,Reno3 Pro 5G
Oppo,Reno,Reno4 4G
Oppo,Reno,Reno4 SE 5G
Oppo,Reno,Reno5
Oppo,Reno,Reno5 A
Oppo,Reno,Reno5 5G
Oppo,Reno,Reno5 Pro 4G
Oppo,Reno,Reno5 Pro 5G
Oppo,Reno,Reno5 Pro+ 5G
Oppo,Reno,Reno6 Pro+ 5G
Oppo,Reno,Reno7 A
Oppo,Reno,Reno7 5G
Oppo,Reno,Reno7 Pro 5G
Oppo,Reno,Reno7 Z 5G
Oppo,Reno,Reno8 T
Oppo,Reno,Reno8 T 5G
Oppo,Reno,Reno 10 5G
Oppo,Reno,Reno 10 Pro 5G
Oppo,Reno,Reno 10 Pro+ 5G
Oppo,Reno,Reno 10x Zoom
Oppo,Reno,Reno 11
Oppo,Reno,Reno 11 Pro
Oppo,Reno,Reno A
Oppo,Reno,Reno Z
Rakuten,Hand,Hand5G
realme,5,5
realme,5,5 Pro
realme,6,6
realme,6,6 Pro
realme,7,7
realme,7,7i
realme,7,7 Pro
realme,8,8 Pro
realme,10,10 Pro+ 5G
realme,Narzo ,Narzo 20 Pro
realme,Narzo ,Narzo 60x 5G
realme,Q,Q
realme,X,X
realme,X ,X Lite
realme,X ,XT
realme,X ,X2
realme,X ,X2 Pro
realme,X ,X3 Super Zoom
realme,X ,X7 5G
realme,X ,X7 Pro 5G
realme,X ,X50 Pro
realme,X ,X50t 5G
realme,realme V,realme V5 5G
realme,realme V,realme v15 5G
realme,realme GT ,realme GT 2 Pro
realme,realme GT ,realme GT 3 240W
realme,realme GT ,realme GT 5
realme,realme GT ,realme GT 5 240W
realme,realme GT ,realme GT 5G
realme,realme GT ,realme GT Neo
realme,realme GT ,realme GT Neo 3
realme,realme GT ,realme GT Neo 3 150W
realme,realme GT ,realme GT Neo 3T
realme,realme GT ,realme GT Neo 5
realme,realme GT ,realme GT Neo 5 240W
realme,realme GT ,realme GT Explorer Master Edition
realme,realme 8 ,realme 8 5G
realme,realme 9,realme 9 5G
realme,realme 9,realme 9 Pro 5G
realme,realme 9,realme 9 Pro+
realme,realme 10 ,realme 10 Pro 5G
realme,realme 10 ,realme 10 Pro+ 5G
realme,realme 11 ,realme 11 5G
realme,realme 11 ,realme 11 Pro 5G
realme,realme 11 ,realme 11 Pro+
realme,realme 11 ,realme 11 Pro+ 5G
realme,realme 11 ,realme 11x 5G
realme,RMX3771,RMX3771
Samsung,Galaxy A,Galaxy A3 (2017)
Samsung,Galaxy A,Galaxy A5 (2017)
Samsung,Galaxy A,Galaxy A6 (2018)
Samsung,Galaxy A,Galaxy A7 (2017)
Samsung,Galaxy A,Galaxy A7 (2018)
Samsung,Galaxy A,Galaxy A8
Samsung,Galaxy A,Galaxy A8+ (2018)
Samsung,Galaxy A,Galaxy A13 5G
Samsung,Galaxy A,Galaxy A14 5G
Samsung,Galaxy A,Galaxy A15 5G
Samsung,Galaxy A,Galaxy A20
Samsung,Galaxy A,Galaxy A20s
Samsung,Galaxy A,Galaxy A20e
Samsung,Galaxy A,Galaxy A22
Samsung,Galaxy A,Galaxy A22 5G
Samsung,Galaxy A,Galaxy A23
Samsung,Galaxy A,Galaxy A23 5G
Samsung,Galaxy A,Galaxy A24
Samsung,Galaxy A,Galaxy A25 5G
Samsung,Galaxy A,Galaxy A30
Samsung,Galaxy A,Galaxy A30s
Samsung,Galaxy A,Galaxy A31
Samsung,Galaxy A,Galaxy A32
Samsung,Galaxy A,Galaxy A32 5G
Samsung,Galaxy A,Galaxy A33 5G
Samsung,Galaxy A,Galaxy A34 5G
Samsung,Galaxy A,Galaxy A35 5G
Samsung,Galaxy A,Galaxy A40
Samsung,Galaxy A,Galaxy A41
Samsung,Galaxy A,Galaxy A42 5G
Samsung,Galaxy A,Galaxy A50
Samsung,Galaxy A,Galaxy A50s
Samsung,Galaxy A,Galaxy A51
Samsung,Galaxy A,Galaxy A51 5G
Samsung,Galaxy A,Galaxy A52
Samsung,Galaxy A,Galaxy A52 5G
Samsung,Galaxy A,Galaxy A52s 5G
Samsung,Galaxy A,Galaxy A53 5G
Samsung,Galaxy A,Galaxy A54 5G
Samsung,Galaxy A,Galaxy A55 5G
Samsung,Galaxy A,Galaxy A60
Samsung,Galaxy A,Galaxy A70
Samsung,Galaxy A,Galaxy A70s
Samsung,Galaxy A,Galaxy A71
Samsung,Galaxy A,Galaxy A71 5G
Samsung,Galaxy A,Galaxy A72
Samsung,Galaxy A,Galaxy A73 5G
Samsung,Galaxy A,Galaxy A80
Samsung,Galaxy A,Galaxy A90 5G
Samsung,Galaxy F,Galaxy F14 5G
Samsung,Galaxy F,Galaxy F22
Samsung,Galaxy F,Galaxy F23 5G
Samsung,Galaxy F,Galaxy F34 5G
Samsung,Galaxy F,Galaxy F41
Samsung,Galaxy F,Galaxy F42 5G / Wide5
Samsung,Galaxy F,Galaxy F54 5G
Samsung,Galaxy F,Galaxy F62
Samsung,Galaxy Fold,Galaxy Fold
Samsung,Galaxy Z Fold,Galaxy Z Fold2 5G
Samsung,Galaxy Z Fold,Galaxy Z Fold3 5G
Samsung,Galaxy Z Fold,Galaxy Z Fold4.
Samsung,Galaxy Z Fold,Galaxy Z Fold5.
Samsung,Galaxy J,Galaxy J5 (2017)
Samsung,Galaxy J,Galaxy J5 Pro
Samsung,Galaxy J,Galaxy J7 (2017)
Samsung,Galaxy J,Galaxy J7 Pro
Samsung,Galaxy Jump,Galaxy Jump3
Samsung,Galaxy M,Galaxy M14 5G
Samsung,Galaxy M,Galaxy M15 5G
Samsung,Galaxy M,Galaxy M20
Samsung,Galaxy M,Galaxy M21
Samsung,Galaxy M,Galaxy M22
Samsung,Galaxy M,Galaxy M23 5G
Samsung,Galaxy M,Galaxy M30s
Samsung,Galaxy M,Galaxy M31
Samsung,Galaxy M,Galaxy M31s
Samsung,Galaxy M,Galaxy M32
Samsung,Galaxy M,Galaxy M33 5G
Samsung,Galaxy M,Galaxy M34 5G
Samsung,Galaxy M,Galaxy M51
Samsung,Galaxy M,Galaxy M52 5G
Samsung,Galaxy M,Galaxy M53 5G
Samsung,Galaxy M,Galaxy M54 5G
Samsung,Galaxy M,Galaxy M62
Samsung,Galaxy Note,Galaxy Note8
Samsung,Galaxy Note,Galaxy Note9
Samsung,Galaxy Note,Galaxy Note10
Samsung,Galaxy Note,Galaxy Note10 5G
Samsung,Galaxy Note,Galaxy Note10+
Samsung,Galaxy Note,Galaxy Note10+ 5G
Samsung,Galaxy Note,Galaxy Note10 Lite
Samsung,Galaxy Note,Galaxy Note20 5G
Samsung,Galaxy Note,Galaxy Note20 Ultra 5G
Samsung,Galaxy Quantum,Galaxy Quantum2
Samsung,Galaxy Quantum,Galaxy Quantum3
Samsung,Galaxy S,Galaxy S7
Samsung,Galaxy S,Galaxy S7 edge
Samsung,Galaxy S,Galaxy S8
Samsung,Galaxy S,Galaxy S8+
Samsung,Galaxy S,Galaxy S9 Exynos
Samsung,Galaxy S,Galaxy S9 Qualcomm
Samsung,Galaxy S,Galaxy S9+ Exynos
Samsung,Galaxy S,Galaxy S9+ Qualcomm
Samsung,Galaxy S,Galaxy S10e Exynos
Samsung,Galaxy S,Galaxy S10e Qualcomm
Samsung,Galaxy S,Galaxy S10 Exynos
Samsung,Galaxy S,Galaxy S10 Qualcomm
Samsung,Galaxy S,Galaxy S10+ Exynos
Samsung,Galaxy S,Galaxy S10+ Qualcomm
Samsung,Galaxy S,Galaxy S10 5G
Samsung,Galaxy S,Galaxy S10 Lite
Samsung,Galaxy S,Galaxy S20
Samsung,Galaxy S,Galaxy S20 5G
Samsung,Galaxy S,Galaxy S20+
Samsung,Galaxy S,Galaxy S20+ 5G
Samsung,Galaxy S,Galaxy S20 FE.
Samsung,Galaxy S,Galaxy S20 FE 5G
Samsung,Galaxy S,Galaxy S20 Ultra 5G
Samsung,Galaxy S,Galaxy S21 5G
Samsung,Galaxy S,Galaxy S21 FE 5G
Samsung,Galaxy S,Galaxy S21+ 5G
Samsung,Galaxy S,Galaxy S21 Ultra 5G
Samsung,Galaxy S,Galaxy S22 5G
Samsung,Galaxy S,Galaxy S22+ 5G
Samsung,Galaxy S,Galaxy S22 Ultra 5G
Samsung,Galaxy S,Galaxy S23
Samsung,Galaxy S,Galaxy S23+
Samsung,Galaxy S,Galaxy S23 FE
Samsung,Galaxy S,Galaxy S23 Ultra
Samsung,Galaxy S,Galaxy S24
Samsung,Galaxy S,Galaxy S24+
Samsung,Galaxy S,Galaxy S24 Ultra
Samsung,Galaxy Tab ,Galaxy Tab A7
Samsung,Galaxy Tab ,Galaxy Tab A8
Samsung,Galaxy Tab ,Galaxy Tab A9+ 5G
Samsung,Galaxy Tab ,Galaxy Tab Active 3
Samsung,Galaxy Tab ,Galaxy Tab Active Pro
Samsung,Galaxy Tab ,Galaxy Tab Active4 Pro 5G
Samsung,Galaxy Tab ,Galaxy Tab Active5
Samsung,Galaxy Tab ,Galaxy Tab Active5 5G
Samsung,Galaxy Tab ,Galaxy Tab S3
Samsung,Galaxy Tab ,Galaxy Tab S4
Samsung,Galaxy Tab ,Galaxy Tab S5e
Samsung,Galaxy Tab ,Galaxy Tab S6
Samsung,Galaxy Tab ,Galaxy Tab S6 Lite
Samsung,Galaxy Tab ,Galaxy Tab S7
Samsung,Galaxy Tab ,Galaxy Tab S7 FE
Samsung,Galaxy Tab ,Galaxy Tab S7 FE 5G
Samsung,Galaxy Tab ,Galaxy Tab S7+
Samsung,Galaxy Tab ,Galaxy Tab S7+ Lite
Samsung,Galaxy Tab ,Galaxy Tab S8
Samsung,Galaxy Tab ,Galaxy Tab S8+
Samsung,Galaxy Tab ,Galaxy Tab S8 Ultra
Samsung,Galaxy Tab ,Galaxy Tab S9
Samsung,Galaxy Tab ,Galaxy Tab S9 5G
Samsung,Galaxy Tab ,Galaxy Tab S9 FE 5G
Samsung,Galaxy Tab ,Galaxy Tab S9 FE+
Samsung,Galaxy Tab ,Galaxy Tab S9 FE+ 5G
Samsung,Galaxy Tab ,Galaxy Tab S9 Ultra
Samsung,Galaxy Tab ,Galaxy Tab S9 Ultra 5G
Samsung,Galaxy Tab ,Galaxy Tab S9+
Samsung,Galaxy Tab ,Galaxy Tab S9+ 5G
Samsung,Galaxy XCover ,Galaxy XCover Pro
Samsung,Galaxy XCover ,Galaxy XCover6 Pro
Samsung,Galaxy XCover ,Galaxy XCover7
Samsung,Galaxy Z Flip,Galaxy Z Flip
Samsung,Galaxy Z Flip,Galaxy Z Flip 5G
Samsung,Galaxy Z Flip,Galaxy Z Flip3 5G
Samsung,Galaxy Z Flip,Galaxy Z Flip4
Samsung,Galaxy Z Flip,Galaxy Z Flip5
Sharp,AQUOS R,AQUOS R3
Sharp,AQUOS R,AQUOS R5G
Sharp,AQUOS R,AQUOS R6
Sharp,AQUOS R,AQUOS R7
Sharp,AQUOS R,AQUOS R8
Sharp,AQUOS R,AQUOS R8 Pro
Sharp,AQUOS sense,AQUOS sense3
Sharp,AQUOS sense,AQUOS sense3 basic
Sharp,AQUOS sense,AQUOS sense3 plus
Sharp,AQUOS sense,AQUOS sense4
Sharp,AQUOS sense,AQUOS sense4 basic
Sharp,AQUOS sense,AQUOS sense4 lite
Sharp,AQUOS sense,AQUOS sense4 plus
Sharp,AQUOS sense,AQUOS sense5G
Sharp,AQUOS sense,AQUOS sense6
Sharp,AQUOS sense,AQUOS sense6s
Sharp,AQUOS sense,AQUOS sense7
Sharp,AQUOS sense,AQUOS sense7 Plus
Sharp,AQUOS sense,AQUOS sense8
Sharp,AQUOS zero,AQUOS zero2
Sharp,AQUOS zero,AQUOS zero6
Sharp,AQUOS zero,AQUOS zero5G basic
Sharp,AQUOS zero,AQUOS zero5G basic DX
Sharp,Leitz Phone,Leitz Phone1
Sharp,Leitz Phone,Leitz Phone2
Sharp,S7,S7
Sony,Xperia Ace ,Xperia Ace III
Sony,Xperia XZ ,Xperia XZ Premium
Sony,Xperia XZ ,Xperia XZ1
Sony,Xperia XZ ,Xperia XZ1 Compact
Sony,Xperia XZ ,Xperia XZ2
Sony,Xperia XZ ,Xperia XZ2 Compact
Sony,Xperia XZ ,Xperia XZ2 Premium
Sony,Xperia XZ ,Xperia XZ3
Sony,Xperia 1,Xperia 1
Sony,Xperia 1,Xperia 1 Professional Edition
Sony,Xperia 1,Xperia 1 II
Sony,Xperia 1,Xperia 1 III
Sony,Xperia 1,Xperia 1 IV
Sony,Xperia 1,Xperia 1 V
Sony,Xperia 5,Xperia 5
Sony,Xperia 5,Xperia 5 II
Sony,Xperia 5,Xperia 5 III
Sony,Xperia 5,Xperia 5 IV
Sony,Xperia 5,Xperia 5 V
Sony,Xperia PRO,Xperia PRO
Sony,Xperia PRO,Xperia PRO-I
Sony,Xperia 10 ,Xperia 10 III
Sony,Xperia 10 ,Xperia 10 IV
Sony,Xperia 10 ,Xperia 10 V
TCL,10 5G UW,10 5G UW
Tecno,Camon ,Camon 18P
Tecno,Camon ,Camon 12 Pro
Tecno,Camon ,Camon 16 Premier
Tecno,Camon ,Camon 16 Pro
Tecno,Camon ,Camon 17 Pro
Tecno,Camon ,Camon 18 Premier
Tecno,Camon ,Camon 19 Pro
Tecno,Camon ,Camon 19 Pro 5G
Tecno,Camon ,Camon 20 Pro
Tecno,Camon ,Camon 20 Pro 5G
Tecno,Camon ,Camon 20 Premier 5G
Tecno,Camon ,Camon 20s Pro 5G
Tecno,Phantom ,Phantom 9
Tecno,Phantom ,Phantom V Fold
Tecno,Phantom ,Phantom V Flip 5G
Tecno,Phantom ,Phantom X
Tecno,Phantom ,Phantom X2 5G
Tecno,Phantom ,Phantom X2 Pro 5G
Tecno,Pova ,Pova 2
Tecno,Pova ,Pova 4
Tecno,Pova ,Pova 4 Pro
Tecno,Pova ,Pova 5
Tecno,Pova ,Pova 5 Pro 5G
Tecno,Pova ,Pova 5G
Tecno,SPARK ,SPARK 20 Pro+
Umx(Ultimate Mobile Experience),U3AR,U3AR
Unitech,PA768,PA768
Vinsmart,Live 4,Live 4
Vinsmart,Aris Pro,Aris Pro
Vivo,2061,2061
Vivo,Nex ,Nex 3
Vivo,Nex ,Nex 3 5G
Vivo,Nex ,NEX S
Vivo,Nex ,NEX Dual Display Edition
Vivo,iQOO ,iQOO 3 4G
Vivo,iQOO ,iQOO 3 5G
Vivo,iQOO ,iQOO 9 Pro
Vivo,iQOO ,iQOO 9T
Vivo,iQOO ,iQOO 11
Vivo,iQOO ,iQOO 11s
Vivo,iQOO ,iQOO 12
Vivo,iQOO ,iQOO Z7s 5G
Vivo,iQOO ,iQOO Z7x 5G
Vivo,T2 ,T2 5G
Vivo,T2,T2 Pro 5G
Vivo,V,V17
Vivo,V,V20
Vivo,V,V20 Pro
Vivo,V,V25
Vivo,V,V25e
Vivo,V,V25 Pro
Vivo,V,V27e
Vivo,V,V27 Pro
Vivo,V,V29
Vivo,V,V29 Lite 5G
Vivo,V,V29e
Vivo,V,V29e 5G
Vivo,V,V30 Lite 5G
Vivo,V,V30 SE
Vivo,V,V40 SE 5G
Vivo,X,X23
Vivo,X,X50
Vivo,X,X50 Pro
Vivo,X,X50e 5G
Vivo,X,X60 Pro
Vivo,X,X80
Vivo,X,X80 Lite 5G
Vivo,X,X80 Pro
Vivo,X,X90
Vivo,X,X90 Pro
Vivo,X,X100
Vivo,X,X100 Pro
Vivo,I,I2009
Vivo,I,I2011
Vivo,I,I2012
Vivo,I,I2017
Vivo,I,I2202
Vivo,V,V2041
Vivo,V,V2045
Vivo,V,V2046
Vivo,V,V2050
Vivo,V,V2073A
Vivo,V,V2105
Vivo,V,V2124
Vivo,V,V2126
Vivo,V,V2130
Vivo,V,V2202
Vivo,Y,Y27 5G
Vivo,Y,Y36 5G
Vivo,Y,Y78 5G
Vivo,Y,Y100 5G
Vivo,Y,Y100A
Vivo,Y,Y200 5G
Vivo,Y,Y200e 5G
Wiko,View 3 Pro,View 3 Pro
Xiaomi,Xiaomi ,Xiaomi 11T
Xiaomi,Xiaomi ,Xiaomi 12
Xiaomi,Xiaomi ,Xiaomi 12 Lite
Xiaomi,Xiaomi ,Xiaomi 12T Pro
Xiaomi,Xiaomi ,Xiaomi 12X
Xiaomi,Xiaomi ,Xiaomi 12 Pro
Xiaomi,Xiaomi ,Xiaomi 13
Xiaomi,Xiaomi ,Xiaomi 13 Pro
Xiaomi,Xiaomi ,Xiaomi 13T
Xiaomi,Xiaomi ,Xiaomi 13 Ultra
Xiaomi,Mi ,Mi 8
Xiaomi,Mi ,Mi 8 SE
Xiaomi,Mi ,Mi 9
Xiaomi,Mi ,Mi 9 Lite
Xiaomi,Mi ,Mi 9 SE
Xiaomi,Mi ,Mi 10
Xiaomi,Mi ,Mi 10i
Xiaomi,Mi ,Mi 10 Lite
Xiaomi,Mi ,Mi 10 Lite 5G
Xiaomi,Mi ,Mi 10 Lite Zoom
Xiaomi,Mi ,Mi 10 Pro
Xiaomi,Mi ,Mi 10T Pro
Xiaomi,Mi ,Mi 11
Xiaomi,Mi ,Mi 11 Pro
Xiaomi,Mi ,Mi 11 Ultra
Xiaomi,Mi ,Mi A3
Xiaomi,Mi ,Mi Mix 2S
Xiaomi,Mi ,Mi Mix 3
Xiaomi,Mi ,Mi Note 10
Xiaomi,Mi ,Mi Note 10 Lite
Xiaomi,Mi ,Mi Note 11 Lite
Xiaomi,Mi ,Mi Note 11 Lite 5G
Xiaomi,Pad ,Pad 5
Xiaomi,Pad ,Pad 6
Xiaomi,Pocophone ,Pocophone F1
Xiaomi,POCO ,POCO F4
Xiaomi,POCO ,POCO F4 GT
Xiaomi,POCO ,POCO F5
Xiaomi,POCO ,POCO F5 Pro
Xiaomi,POCO ,POCO X2
Xiaomi,POCO ,POCO X3
Xiaomi,POCO ,POCO X3 Pro
Xiaomi,POCO ,POCO X3 NFC
Xiaomi,POCO ,POCO X4 GT
Xiaomi,POCO ,POCO X4 Pro 5G
Xiaomi,POCO ,POCO X5 Pro 5G
Xiaomi,POCO ,POCO M2 Pro
Xiaomi,POCO ,POCO M4 Pro
Xiaomi,Redmi ,Redmi K20
Xiaomi,Redmi ,Redmi K20 Pro
Xiaomi,Redmi ,Redmi K30
Xiaomi,Redmi ,Redmi K30 Pro
Xiaomi,Redmi ,Redmi K40
Xiaomi,Redmi ,Redmi K40S
Xiaomi,Redmi ,Redmi K40 Pro/Pro+
Xiaomi,Redmi ,Redmi K40 Gaming
Xiaomi,Redmi ,Redmi K50 5G
Xiaomi,Redmi ,Redmi K50G
Xiaomi,Redmi ,Redmi K50i
Xiaomi,Redmi ,Redmi K60
Xiaomi,Redmi ,Redmi K60 Ultra
Xiaomi,Redmi ,Redmi 10X 4G
Xiaomi,Redmi ,Redmi Note 7
Xiaomi,Redmi ,Redmi Note 7 Pro
Xiaomi,Redmi ,Redmi Note 8
Xiaomi,Redmi ,Redmi Note 8 Pro
Xiaomi,Redmi ,Redmi Note 8T
Xiaomi,Redmi ,Redmi Note 9
Xiaomi,Redmi ,Redmi Note 9 Pro
Xiaomi,Redmi ,Redmi Note 9 Pro Max
Xiaomi,Redmi ,Redmi Note 9S
Xiaomi,Redmi ,Redmi Note 9 (5G)
Xiaomi,Redmi ,Redmi Note 10
Xiaomi,Redmi ,Redmi Note 10S
Xiaomi,Redmi ,Redmi Note 10 5G
Xiaomi,Redmi ,Redmi Note 10 Pro
Xiaomi,Redmi ,Redmi Note 10 Pro Max
Xiaomi,Redmi ,Redmi Note 11
Xiaomi,Redmi ,Redmi Note 11E Pro
Xiaomi,Redmi ,Redmi Note 11 Pro
Xiaomi,Redmi ,Redmi Note 11 Pro 5G
Xiaomi,Redmi ,Redmi Note 11 Pro+
Xiaomi,Redmi ,Redmi Note 11 Pro+ 5G
Xiaomi,Redmi ,Redmi Note 11S
Xiaomi,Redmi ,Redmi Note 11S 5G
Xiaomi,Redmi ,Redmi Note 11T Pro
Xiaomi,Redmi ,Redmi Note 11T Pro+
Xiaomi,Redmi ,Redmi Note 12 DISCOVERY EDITION
Xiaomi,Redmi ,Redmi Note 12 Pro
Xiaomi,Redmi ,Redmi Note 12 Pro Speed
Xiaomi,Redmi ,Redmi Note 12 Pro+ 5G
Xiaomi,Redmi ,Redmi Note 12 Turbo
Xiaomi,Redmi ,Redmi Note 13 Pro+
Zebra,ET,ET40L 10 Enterprise Tablet
Zebra,ET,ET45L 10 Enterprise Tablet
Zebra,ET,ET40S 8 Enterprise Tablet
Zebra,ET,ET45S 8 Enterprise Tablet
Zebra,ET,ET51L 10 Enterprise Tablet
Zebra,ET,ET56L 10 Enterprise Tablet
Zebra,ET,ET56s 8 Enterprise Tablet
Zebra,ET,ET56 10 Enterprise Tablet
Zebra,HC20,HC20
Zebra,MC9400,MC9400
Zebra,TC,TC53
Zebra,TC,TC58
Zebra,TC,TC21 WLAN Touch Computer
Zebra,TC,TC26 WWAN Touch Computer
Zebra,TC,TC27
Zebra,EC,EC50 WLAN Enterprise Computer
Zebra,EC,EC55 WWAN Enterprise Computer
Zebra,TC,TC52 WLAN Touch Computer
Zebra,TC,TC52x WLAN Touch Computer
Zebra,TC,TC52ax WLAN Touch Computer
Zebra,TC,TC53 WLAN Touch Computer
Zebra,TC,TC57 WWAN Touch Computer
Zebra,TC,TC57x WWAN Touch Computer
Zebra,TC,TC58 WWAN Touch Computer
Zebra,TC,TC72 WLAN Touch Computer
Zebra,TC,TC73
Zebra,TC,TC77 WWAN Touch Computer
Zebra,TC,TC78
Zebra,MC,MC20
ZTE,A3,A302ZT
ZTE,A3,A303ZT
ZTE,Libero ,Libero 5G
ZTE,Libero ,Libero 5G II
ZTE,Libero ,Libero 5G III
ZTE,Lume Pad,Lume Pad
ZTE,nubia Pad 3D,nubia Pad 3D
ZTE,REDMAGIC 7Pro,REDMAGIC 7Pro
Huawei,Honor ,Honor 10
Huawei,Honor ,Honor Magic 2
Huawei,Honor ,Honor V20
Huawei,Maimang ,Maimang 7
Huawei,Mate ,Mate 20
Huawei,Mate ,Mate 20 Pro
Huawei,Mate ,Mate 20 X
Huawei,Nova ,Nova 3
Huawei,Nova ,Nova 3i
Huawei,Nova ,Nova 4
Huawei,P,P20
Huawei,P,P20 Pro
Huawei,P,P30
Huawei,P,P30 Pro
Huawei,Porsche Design ,Porsche Design Mate RS
Huawei,Porsche Design ,Porsche Design Mate 20 RS
OnePlus,OnePlus ,OnePlus 11 5G 中国版
OnePlus,OnePlus ,OnePlus 12
OnePlus,OnePlus ,OnePlus Ace
OnePlus,OnePlus ,OnePlus Ace Pro
OnePlus,OnePlus ,OnePlus Pad
OnePlus,PHP110,PHP110
Oppo,A,A1 Pro 5G
Oppo,A,A53 5G
Oppo,A,A93 5G
Oppo,Find ,Find N2
Oppo,Find ,Find N2 Flip 中国版
Oppo,Find ,Find N3
Oppo,Find ,Find X3
Oppo,Find ,Find X3 Pro
Oppo,Find ,Find X6
Oppo,Find ,Find X7
Oppo,Find ,Find X7 Ultra
Oppo,F19 Pro+,F19 Pro+
Oppo,K,K5
Oppo,K,K7x
Oppo,K,K9 5G
Oppo,K,K9x 5G
Oppo,K,K10 Pro 5G
Oppo,K,K11 5G
Oppo,一加 Ace 竞速版,一加 Ace 竞速版
Oppo,一加 Ace 2 Pro,一加 Ace 2 Pro
Oppo,Pad ,Pad 2
Oppo,P,PFFM20
Oppo,P,PGAM10
Oppo,P,PGBM10
Oppo,P,PGJM10
Oppo,Reno,Reno
Oppo,Reno,Reno 10x Zoom
Oppo,Reno,Reno Ace
Oppo,Reno,Reno Ace 2
Oppo,Reno,Reno Z
Oppo,Reno,Reno2
Oppo,Reno,Reno2 Z
Oppo,Reno,Reno4 SE 5G
Oppo,Reno,Reno5 5G
Oppo,Reno,Reno5 K 5G
Oppo,Reno,Reno5 Pro 4G
Oppo,Reno,Reno5 Pro 5G
Oppo,Reno,Reno5 Pro+ 5G
Oppo,Reno,Reno6 Pro+ 5G
Oppo,Reno,Reno7 Pro 5G
Oppo,Reno,Reno7 SE 5G
Oppo,Reno,Reno8 5G
Oppo,Reno,Reno8 Pro+ 5G
Oppo,Reno,Reno8 T
Oppo,Reno,Reno8 Z 5G
Oppo,Reno,Reno9 5G
Oppo,Reno,Reno9 Pro 5G
Oppo,Reno,Reno9 Pro+ 5G
Oppo,Reno,Reno10 5G
Oppo,Reno,Reno10 Pro 5G
Oppo,Reno,Reno10 Pro+ 5G
Oppo,Reno,Reno11
Oppo,Reno,Reno11 Pro
realme,Q,Q
realme,Q,Q2 Pro 5G
realme,Q,Q3 5G
realme,Q,Q3 Pro Play
realme,X,X
realme,X,X Lite
realme,X,X2
realme,X,X2 Pro
realme,X,X3
realme,X,X50 Pro Player
realme,X,X7 5G
realme,X,X7 Pro 5G
realme,V,V5 5G
realme,真我,真我10 Pro
realme,真我,真我11 Pro+
realme,真我,真我V13 5G
realme,真我,真我V50
realme,真我,真我V50s
realme,真我,真我GT
realme,realme GT ,realme GT Neo
realme,realme GT ,realme GT Neo5
Samsung,Galaxy Note,Galaxy Note9
Samsung,Galaxy S,Galaxy S9 Exynos
Samsung,Galaxy S,Galaxy S9 Qualcomm
Samsung,Galaxy S,Galaxy S9+ Exynos
Samsung,Galaxy S,Galaxy S9+ Qualcomm
Samsung,Galaxy S,Galaxy S10e Exynos
Samsung,Galaxy S,Galaxy S10e Qualcomm
Samsung,Galaxy S,Galaxy S10 Exynos
Samsung,Galaxy S,Galaxy S10 Qualcomm
Samsung,Galaxy S,Galaxy S10+ Exynos
Samsung,Galaxy S,Galaxy S10+ Qualcomm
Samsung,Galaxy S,Galaxy S10 5G
Vivo,iQOO,iQOO
Vivo,iQOO ,iQOO 5 5G
Vivo,iQOO ,iQOO 5 Pro 5G
Vivo,iQOO ,iQOO 8 Pro
Vivo,iQOO ,iQOO 9 SE
Vivo,iQOO ,iQOO 10
Vivo,iQOO ,iQOO 10 Pro
Vivo,iQOO ,iQOO 11 Pro
Vivo,iQOO ,iQOO 12
Vivo,iQOO ,iQOO 12 Pro
Vivo,iQOO Neo,iQOO Neo3 5G
Vivo,iQOO Neo,iQOO Neo5S
Vivo,iQOO Neo,iQOO Neo5 SE
Vivo,iQOO Neo,iQOO Neo6
Vivo,iQOO Neo,iQOO Neo6 SE
Vivo,iQOO Neo,iQOO Neo7
Vivo,iQOO Neo,iQOO Neo7 Pro
Vivo,iQOO Neo,iQOO Neo7 SE
Vivo,iQOO Neo,iQOO Neo7 竞速版
Vivo,iQOO Neo,iQOO Neo8
Vivo,iQOO Neo,iQOO Neo8 Pro
Vivo,iQOO Neo,iQOO Neo9
Vivo,iQOO Neo,iQOO Neo9 Pro
Vivo,iQOO Pad,iQOO Pad
Vivo,iQOO ,iQOO U1
Vivo,iQOO Z,iQOO Z1x
Vivo,iQOO Z,iQOO Z3
Vivo,iQOO Z,iQOO Z5 6000mAh
Vivo,iQOO Z,iQOO Z7
Vivo,iQOO Z,iQOO Z7 5G
Vivo,iQOO Z,iQOO Z7 Pro 5G
Vivo,iQOO Z,iQOO Z7x
Vivo,iQOO Z,iQOO Z8x
Vivo,NEX ,NEX S
Vivo,NEX ,NEX 3 4G/5G
Vivo,Pad,Pad2
Vivo,S,S7 5G
Vivo,S,S15 Pro
Vivo,S,S16
Vivo,S,S16 Pro
Vivo,S,S17
Vivo,S,S17e
Vivo,S,S17 Pro
Vivo,S,S18
Vivo,S,S18e
Vivo,X,X Flip
Vivo,X,X Fold
Vivo,X,X Fold2
Vivo,X,X Note
Vivo,X,X23
Vivo,X,X50 5G
Vivo,X,X50 Pro
Vivo,X,X50 Pro+
Vivo,X,X80
Vivo,X,X80 Pro
Vivo,X,X80 Pro 天玑9000版
Vivo,X,X90
Vivo,X,X90 Pro+
Vivo,X,X100
Vivo,X,X100 Pro
Vivo,V,V2046A
Vivo,V,V2047A
Vivo,V,V2056A
Vivo,V,V2132
Vivo,V,V2133A
Vivo,V,V2148A
Vivo,V,V2163A
Vivo,V,V2171A
Vivo,V,V2172A
Vivo,V,V2203A
Vivo,V,V2220A
Vivo,V,V2282A
Vivo,V,V2314A
Vivo,Y,Y100
Vivo,Y,Y51s
Vivo,Y,Y70s
Vivo,Y,Y78+
Xiaomi,Mi ,Mi Mix 2S
Xiaomi,Mi ,Mi Mix 3
Xiaomi,Mi ,Mi 8 SE
Xiaomi,Mi ,Mi 8 SE
Xiaomi,Mi ,Mi 9
Xiaomi,Mi ,Mi 10 Ultra
